{
  "metrics": {
    "accuracy": 0.9845261121856866,
    "precision": 0.9457364341085271,
    "recall": 0.9312977099236641,
    "f1_score": 0.9384615384615385
  },
  "confusion_matrix": [
    [
      896,
      7
    ],
    [
      9,
      122
    ]
  ]
}